"No.","Time","Source","Destination","Protocol","Length","Service UUID","Value","Value","Info"
"2783","39.422167","Raspberr_e2:fc:fd (Raspberry Pi 4)","MS-NLB-PhysServer-32_04:23:6c:96:de (Blind)","ATT","22","Google Inc.","00ff00009a170222b815","00ff00009a170222b815","Sent Write Command, Handle: 0x000e (Google Inc.: SRAM)"
"2785","39.577048","Raspberr_e2:fc:fd (Raspberry Pi 4)","MS-NLB-PhysServer-32_04:23:6c:96:de (Blind)","ATT","21","Google Inc.","00ff00009aa701013d","00ff00009aa701013d","Sent Write Command, Handle: 0x000e (Google Inc.: SRAM)"
"2790","39.673130","Raspberr_e2:fc:fd (Raspberry Pi 4)","MS-NLB-PhysServer-32_04:23:6c:96:de (Blind)","ATT","21","Google Inc.","00ff00009aa7015a31","00ff00009aa7015a31","Sent Write Command, Handle: 0x000e (Google Inc.: SRAM)"
"2791","39.778120","Raspberr_e2:fc:fd (Raspberry Pi 4)","MS-NLB-PhysServer-32_04:23:6c:96:de (Blind)","ATT","24","Google Inc.","00ff00009a140406122f0fbe","00ff00009a140406122f0fbe","Sent Write Command, Handle: 0x000e (Google Inc.: SRAM)"
"3069","43.457723","Raspberr_e2:fc:fd (Raspberry Pi 4)","MS-NLB-PhysServer-32_04:23:6c:96:de (Blind)","ATT","21","Google Inc.","00ff00009aa2010138","00ff00009aa2010138","Sent Write Command, Handle: 0x000e (Google Inc.: SRAM)"
"3081","43.538753","Raspberr_e2:fc:fd (Raspberry Pi 4)","MS-NLB-PhysServer-32_04:23:6c:96:de (Blind)","ATT","21","Google Inc.","00ff00009aa2015a31","00ff00009aa2015a31","Sent Write Command, Handle: 0x000e (Google Inc.: SRAM)"
"3592","48.020164","Raspberr_e2:fc:fd (Raspberry Pi 4)","MS-NLB-PhysServer-32_04:23:6c:96:de (Blind)","ATT","21","Google Inc.","00ff00009a0d010690","00ff00009a0d010690","Sent Write Command, Handle: 0x000e (Google Inc.: SRAM)"
"9282","94.173475","Raspberr_e2:fc:fd (Raspberry Pi 4)","MS-NLB-PhysServer-32_04:23:6c:96:de (Blind)","ATT","21","Google Inc.","00ff00009aa1015a31","00ff00009aa1015a31","Sent Write Command, Handle: 0x000e (Google Inc.: SRAM)"
"9861","100.258671","Raspberr_e2:fc:fd (Raspberry Pi 4)","MS-NLB-PhysServer-32_04:23:6c:96:de (Blind)","ATT","21","Google Inc.","00ff00009a0a01dd4c","00ff00009a0a01dd4c","Sent Write Command, Handle: 0x000e (Google Inc.: SRAM)"
"10320","103.747677","Raspberr_e2:fc:fd (Raspberry Pi 4)","MS-NLB-PhysServer-32_04:23:6c:96:de (Blind)","ATT","21","Google Inc.","00ff00009a0a01ee7f","00ff00009a0a01ee7f","Sent Write Command, Handle: 0x000e (Google Inc.: SRAM)"
"10325","103.812543","Raspberr_e2:fc:fd (Raspberry Pi 4)","MS-NLB-PhysServer-32_04:23:6c:96:de (Blind)","ATT","21","Google Inc.","00ff00009a0a01cc5d","00ff00009a0a01cc5d","Sent Write Command, Handle: 0x000e (Google Inc.: SRAM)"
"10340","103.854993","Raspberr_e2:fc:fd (Raspberry Pi 4)","MS-NLB-PhysServer-32_04:23:6c:96:de (Blind)","ATT","21","Google Inc.","00ff00009aa1015a31","00ff00009aa1015a31","Sent Write Command, Handle: 0x000e (Google Inc.: SRAM)"
"10345","103.892585","Raspberr_e2:fc:fd (Raspberry Pi 4)","MS-NLB-PhysServer-32_04:23:6c:96:de (Blind)","ATT","21","Google Inc.","00ff00009a0a01ee7f","00ff00009a0a01ee7f","Sent Write Command, Handle: 0x000e (Google Inc.: SRAM)"
"10358","103.977992","Raspberr_e2:fc:fd (Raspberry Pi 4)","MS-NLB-PhysServer-32_04:23:6c:96:de (Blind)","ATT","21","Google Inc.","00ff00009a0a01cc5d","00ff00009a0a01cc5d","Sent Write Command, Handle: 0x000e (Google Inc.: SRAM)"
"10364","104.024514","Raspberr_e2:fc:fd (Raspberry Pi 4)","MS-NLB-PhysServer-32_04:23:6c:96:de (Blind)","ATT","21","Google Inc.","00ff00009a0a01ee7f","00ff00009a0a01ee7f","Sent Write Command, Handle: 0x000e (Google Inc.: SRAM)"
"10775","107.634610","Raspberr_e2:fc:fd (Raspberry Pi 4)","MS-NLB-PhysServer-32_04:23:6c:96:de (Blind)","ATT","21","Google Inc.","00ff00009a0a01cc5d","00ff00009a0a01cc5d","Sent Write Command, Handle: 0x000e (Google Inc.: SRAM)"
"10789","107.716780","Raspberr_e2:fc:fd (Raspberry Pi 4)","MS-NLB-PhysServer-32_04:23:6c:96:de (Blind)","ATT","21","Google Inc.","00ff00009aa1015a31","00ff00009aa1015a31","Sent Write Command, Handle: 0x000e (Google Inc.: SRAM)"
"10983","109.892555","Raspberr_e2:fc:fd (Raspberry Pi 4)","MS-NLB-PhysServer-32_04:23:6c:96:de (Blind)","ATT","21","Google Inc.","00ff00009a0d010096","00ff00009a0d010096","Sent Write Command, Handle: 0x000e (Google Inc.: SRAM)"
"11444","113.622763","Raspberr_e2:fc:fd (Raspberry Pi 4)","MS-NLB-PhysServer-32_04:23:6c:96:de (Blind)","ATT","21","Google Inc.","00ff00009aa1015a31","00ff00009aa1015a31","Sent Write Command, Handle: 0x000e (Google Inc.: SRAM)"
"11549","114.391405","Raspberr_e2:fc:fd (Raspberry Pi 4)","MS-NLB-PhysServer-32_04:23:6c:96:de (Blind)","ATT","21","Google Inc.","00ff00009a0a01ee7f","00ff00009a0a01ee7f","Sent Write Command, Handle: 0x000e (Google Inc.: SRAM)"
"12412","121.909187","Raspberr_e2:fc:fd (Raspberry Pi 4)","MS-NLB-PhysServer-32_04:23:6c:96:de (Blind)","ATT","21","Google Inc.","00ff00009a0a01cc5d","00ff00009a0a01cc5d","Sent Write Command, Handle: 0x000e (Google Inc.: SRAM)"
"12421","121.995013","Raspberr_e2:fc:fd (Raspberry Pi 4)","MS-NLB-PhysServer-32_04:23:6c:96:de (Blind)","ATT","21","Google Inc.","00ff00009aa1015a31","00ff00009aa1015a31","Sent Write Command, Handle: 0x000e (Google Inc.: SRAM)"
"12636","124.070091","Raspberr_e2:fc:fd (Raspberry Pi 4)","MS-NLB-PhysServer-32_04:23:6c:96:de (Blind)","ATT","21","Google Inc.","00ff00009a0d010096","00ff00009a0d010096","Sent Write Command, Handle: 0x000e (Google Inc.: SRAM)"
"13612","131.848818","Raspberr_e2:fc:fd (Raspberry Pi 4)","MS-NLB-PhysServer-32_04:23:6c:96:de (Blind)","ATT","21","Google Inc.","00ff00009aa1015a31","00ff00009aa1015a31","Sent Write Command, Handle: 0x000e (Google Inc.: SRAM)"
"13669","132.489928","Raspberr_e2:fc:fd (Raspberry Pi 4)","MS-NLB-PhysServer-32_04:23:6c:96:de (Blind)","ATT","21","Google Inc.","00ff00009a0a01dd4c","00ff00009a0a01dd4c","Sent Write Command, Handle: 0x000e (Google Inc.: SRAM)"
"13683","132.594132","Raspberr_e2:fc:fd (Raspberry Pi 4)","MS-NLB-PhysServer-32_04:23:6c:96:de (Blind)","ATT","21","Google Inc.","00ff00009aa1015a31","00ff00009aa1015a31","Sent Write Command, Handle: 0x000e (Google Inc.: SRAM)"
"13720","132.985588","Raspberr_e2:fc:fd (Raspberry Pi 4)","MS-NLB-PhysServer-32_04:23:6c:96:de (Blind)","ATT","21","Google Inc.","00ff00009a0a01cc5d","00ff00009a0a01cc5d","Sent Write Command, Handle: 0x000e (Google Inc.: SRAM)"
"13727","133.081905","Raspberr_e2:fc:fd (Raspberry Pi 4)","MS-NLB-PhysServer-32_04:23:6c:96:de (Blind)","ATT","21","Google Inc.","00ff00009a0a01dd4c","00ff00009a0a01dd4c","Sent Write Command, Handle: 0x000e (Google Inc.: SRAM)"
"13740","133.173227","Raspberr_e2:fc:fd (Raspberry Pi 4)","MS-NLB-PhysServer-32_04:23:6c:96:de (Blind)","ATT","21","Google Inc.","00ff00009a0a01cc5d","00ff00009a0a01cc5d","Sent Write Command, Handle: 0x000e (Google Inc.: SRAM)"
"13747","133.243197","Raspberr_e2:fc:fd (Raspberry Pi 4)","MS-NLB-PhysServer-32_04:23:6c:96:de (Blind)","ATT","21","Google Inc.","00ff00009a0a01dd4c","00ff00009a0a01dd4c","Sent Write Command, Handle: 0x000e (Google Inc.: SRAM)"
"13754","133.315288","Raspberr_e2:fc:fd (Raspberry Pi 4)","MS-NLB-PhysServer-32_04:23:6c:96:de (Blind)","ATT","21","Google Inc.","00ff00009a0a01cc5d","00ff00009a0a01cc5d","Sent Write Command, Handle: 0x000e (Google Inc.: SRAM)"
"13760","133.342672","Raspberr_e2:fc:fd (Raspberry Pi 4)","MS-NLB-PhysServer-32_04:23:6c:96:de (Blind)","ATT","21","Google Inc.","00ff00009aa1015a31","00ff00009aa1015a31","Sent Write Command, Handle: 0x000e (Google Inc.: SRAM)"
"13797","133.698127","Raspberr_e2:fc:fd (Raspberry Pi 4)","MS-NLB-PhysServer-32_04:23:6c:96:de (Blind)","ATT","21","Google Inc.","00ff00009aa1015a31","00ff00009aa1015a31","Sent Write Command, Handle: 0x000e (Google Inc.: SRAM)"
"14015","135.577275","Raspberr_e2:fc:fd (Raspberry Pi 4)","MS-NLB-PhysServer-32_04:23:6c:96:de (Blind)","ATT","21","Google Inc.","00ff00009a0d010096","00ff00009a0d010096","Sent Write Command, Handle: 0x000e (Google Inc.: SRAM)"
"14218","137.085756","Raspberr_e2:fc:fd (Raspberry Pi 4)","MS-NLB-PhysServer-32_04:23:6c:96:de (Blind)","ATT","21","Google Inc.","00ff00009a0d010096","00ff00009a0d010096","Sent Write Command, Handle: 0x000e (Google Inc.: SRAM)"
"14372","138.278013","Raspberr_e2:fc:fd (Raspberry Pi 4)","MS-NLB-PhysServer-32_04:23:6c:96:de (Blind)","ATT","21","Google Inc.","00ff00009a0d010096","00ff00009a0d010096","Sent Write Command, Handle: 0x000e (Google Inc.: SRAM)"
"14419","138.677392","Raspberr_e2:fc:fd (Raspberry Pi 4)","MS-NLB-PhysServer-32_04:23:6c:96:de (Blind)","ATT","21","Google Inc.","00ff00009a0a01cc5d","00ff00009a0a01cc5d","Sent Write Command, Handle: 0x000e (Google Inc.: SRAM)"
"14489","139.172750","Raspberr_e2:fc:fd (Raspberry Pi 4)","MS-NLB-PhysServer-32_04:23:6c:96:de (Blind)","ATT","21","Google Inc.","00ff00009a0d010197","00ff00009a0d010197","Sent Write Command, Handle: 0x000e (Google Inc.: SRAM)"
"14742","140.375882","Raspberr_e2:fc:fd (Raspberry Pi 4)","MS-NLB-PhysServer-32_04:23:6c:96:de (Blind)","ATT","21","Google Inc.","00ff00009aa1015a31","00ff00009aa1015a31","Sent Write Command, Handle: 0x000e (Google Inc.: SRAM)"
"15002","141.681546","Raspberr_e2:fc:fd (Raspberry Pi 4)","MS-NLB-PhysServer-32_04:23:6c:96:de (Blind)","ATT","21","Google Inc.","00ff00009a0d010593","00ff00009a0d010593","Sent Write Command, Handle: 0x000e (Google Inc.: SRAM)"
"15270","144.597662","Raspberr_e2:fc:fd (Raspberry Pi 4)","MS-NLB-PhysServer-32_04:23:6c:96:de (Blind)","ATT","21","Google Inc.","00ff00009aa1015a31","00ff00009aa1015a31","Sent Write Command, Handle: 0x000e (Google Inc.: SRAM)"
"15461","146.828311","Raspberr_e2:fc:fd (Raspberry Pi 4)","MS-NLB-PhysServer-32_04:23:6c:96:de (Blind)","ATT","21","Google Inc.","00ff00009a0d010690","00ff00009a0d010690","Sent Write Command, Handle: 0x000e (Google Inc.: SRAM)"
"15578","147.948054","Raspberr_e2:fc:fd (Raspberry Pi 4)","MS-NLB-PhysServer-32_04:23:6c:96:de (Blind)","ATT","21","Google Inc.","00ff00009aa1015a31","00ff00009aa1015a31","Sent Write Command, Handle: 0x000e (Google Inc.: SRAM)"
"15896","150.439043","Raspberr_e2:fc:fd (Raspberry Pi 4)","MS-NLB-PhysServer-32_04:23:6c:96:de (Blind)","ATT","21","Google Inc.","00ff00009a0d010d9b","00ff00009a0d010d9b","Sent Write Command, Handle: 0x000e (Google Inc.: SRAM)"
"16341","154.696955","Raspberr_e2:fc:fd (Raspberry Pi 4)","MS-NLB-PhysServer-32_04:23:6c:96:de (Blind)","ATT","21","Google Inc.","00ff00009aa1015a31","00ff00009aa1015a31","Sent Write Command, Handle: 0x000e (Google Inc.: SRAM)"
"16491","156.276741","Raspberr_e2:fc:fd (Raspberry Pi 4)","MS-NLB-PhysServer-32_04:23:6c:96:de (Blind)","ATT","21","Google Inc.","00ff00009a0d010d9b","00ff00009a0d010d9b","Sent Write Command, Handle: 0x000e (Google Inc.: SRAM)"
"16651","158.410098","Raspberr_e2:fc:fd (Raspberry Pi 4)","MS-NLB-PhysServer-32_04:23:6c:96:de (Blind)","ATT","21","Google Inc.","00ff00009a0d011086","00ff00009a0d011086","Sent Write Command, Handle: 0x000e (Google Inc.: SRAM)"
"16863","160.798789","Raspberr_e2:fc:fd (Raspberry Pi 4)","MS-NLB-PhysServer-32_04:23:6c:96:de (Blind)","ATT","21","Google Inc.","00ff00009aa1015a31","00ff00009aa1015a31","Sent Write Command, Handle: 0x000e (Google Inc.: SRAM)"
"17053","162.330388","Raspberr_e2:fc:fd (Raspberry Pi 4)","MS-NLB-PhysServer-32_04:23:6c:96:de (Blind)","ATT","21","Google Inc.","00ff00009a0d011086","00ff00009a0d011086","Sent Write Command, Handle: 0x000e (Google Inc.: SRAM)"
"17303","164.446650","Raspberr_e2:fc:fd (Raspberry Pi 4)","MS-NLB-PhysServer-32_04:23:6c:96:de (Blind)","ATT","21","Google Inc.","00ff00009a0d011187","00ff00009a0d011187","Sent Write Command, Handle: 0x000e (Google Inc.: SRAM)"
"17449","165.598470","Raspberr_e2:fc:fd (Raspberry Pi 4)","MS-NLB-PhysServer-32_04:23:6c:96:de (Blind)","ATT","21","Google Inc.","00ff00009aa1015a31","00ff00009aa1015a31","Sent Write Command, Handle: 0x000e (Google Inc.: SRAM)"
"17595","166.958035","Raspberr_e2:fc:fd (Raspberry Pi 4)","MS-NLB-PhysServer-32_04:23:6c:96:de (Blind)","ATT","21","Google Inc.","00ff00009a0d011187","00ff00009a0d011187","Sent Write Command, Handle: 0x000e (Google Inc.: SRAM)"
"17779","168.826898","Raspberr_e2:fc:fd (Raspberry Pi 4)","MS-NLB-PhysServer-32_04:23:6c:96:de (Blind)","ATT","21","Google Inc.","00ff00009a0d011583","00ff00009a0d011583","Sent Write Command, Handle: 0x000e (Google Inc.: SRAM)"
"17994","171.697302","Raspberr_e2:fc:fd (Raspberry Pi 4)","MS-NLB-PhysServer-32_04:23:6c:96:de (Blind)","ATT","21","Google Inc.","00ff00009aa1015a31","00ff00009aa1015a31","Sent Write Command, Handle: 0x000e (Google Inc.: SRAM)"
"18183","173.508662","Raspberr_e2:fc:fd (Raspberry Pi 4)","MS-NLB-PhysServer-32_04:23:6c:96:de (Blind)","ATT","21","Google Inc.","00ff00009a0d011680","00ff00009a0d011680","Sent Write Command, Handle: 0x000e (Google Inc.: SRAM)"
"18338","174.623990","Raspberr_e2:fc:fd (Raspberry Pi 4)","MS-NLB-PhysServer-32_04:23:6c:96:de (Blind)","ATT","21","Google Inc.","00ff00009aa1015a31","00ff00009aa1015a31","Sent Write Command, Handle: 0x000e (Google Inc.: SRAM)"
"18593","176.702257","Raspberr_e2:fc:fd (Raspberry Pi 4)","MS-NLB-PhysServer-32_04:23:6c:96:de (Blind)","ATT","21","Google Inc.","00ff00009a0d011680","00ff00009a0d011680","Sent Write Command, Handle: 0x000e (Google Inc.: SRAM)"
"18817","178.767611","Raspberr_e2:fc:fd (Raspberry Pi 4)","MS-NLB-PhysServer-32_04:23:6c:96:de (Blind)","ATT","21","Google Inc.","00ff00009a0d011781","00ff00009a0d011781","Sent Write Command, Handle: 0x000e (Google Inc.: SRAM)"
"18954","179.974111","Raspberr_e2:fc:fd (Raspberry Pi 4)","MS-NLB-PhysServer-32_04:23:6c:96:de (Blind)","ATT","21","Google Inc.","00ff00009aa1015a31","00ff00009aa1015a31","Sent Write Command, Handle: 0x000e (Google Inc.: SRAM)"
"19117","181.614536","Raspberr_e2:fc:fd (Raspberry Pi 4)","MS-NLB-PhysServer-32_04:23:6c:96:de (Blind)","ATT","21","Google Inc.","00ff00009a0d011781","00ff00009a0d011781","Sent Write Command, Handle: 0x000e (Google Inc.: SRAM)"
"19253","183.680577","Raspberr_e2:fc:fd (Raspberry Pi 4)","MS-NLB-PhysServer-32_04:23:6c:96:de (Blind)","ATT","21","Google Inc.","00ff00009a0d01188e","00ff00009a0d01188e","Sent Write Command, Handle: 0x000e (Google Inc.: SRAM)"
"19353","184.848691","Raspberr_e2:fc:fd (Raspberry Pi 4)","MS-NLB-PhysServer-32_04:23:6c:96:de (Blind)","ATT","21","Google Inc.","00ff00009aa1015a31","00ff00009aa1015a31","Sent Write Command, Handle: 0x000e (Google Inc.: SRAM)"
"19571","186.427109","Raspberr_e2:fc:fd (Raspberry Pi 4)","MS-NLB-PhysServer-32_04:23:6c:96:de (Blind)","ATT","21","Google Inc.","00ff00009a0d011a8c","00ff00009a0d011a8c","Sent Write Command, Handle: 0x000e (Google Inc.: SRAM)"
"19797","188.274568","Raspberr_e2:fc:fd (Raspberry Pi 4)","MS-NLB-PhysServer-32_04:23:6c:96:de (Blind)","ATT","21","Google Inc.","00ff00009aa1015a31","00ff00009aa1015a31","Sent Write Command, Handle: 0x000e (Google Inc.: SRAM)"
"19929","189.833908","Raspberr_e2:fc:fd (Raspberry Pi 4)","MS-NLB-PhysServer-32_04:23:6c:96:de (Blind)","ATT","21","Google Inc.","00ff00009a0d011a8c","00ff00009a0d011a8c","Sent Write Command, Handle: 0x000e (Google Inc.: SRAM)"
"20061","191.085777","Raspberr_e2:fc:fd (Raspberry Pi 4)","MS-NLB-PhysServer-32_04:23:6c:96:de (Blind)","ATT","21","Google Inc.","00ff00009a0d011a8c","00ff00009a0d011a8c","Sent Write Command, Handle: 0x000e (Google Inc.: SRAM)"
"20184","192.177141","Raspberr_e2:fc:fd (Raspberry Pi 4)","MS-NLB-PhysServer-32_04:23:6c:96:de (Blind)","ATT","21","Google Inc.","00ff00009a0d011b8d","00ff00009a0d011b8d","Sent Write Command, Handle: 0x000e (Google Inc.: SRAM)"
"20286","193.349236","Raspberr_e2:fc:fd (Raspberry Pi 4)","MS-NLB-PhysServer-32_04:23:6c:96:de (Blind)","ATT","21","Google Inc.","00ff00009aa1015a31","00ff00009aa1015a31","Sent Write Command, Handle: 0x000e (Google Inc.: SRAM)"
"20378","194.471309","Raspberr_e2:fc:fd (Raspberry Pi 4)","MS-NLB-PhysServer-32_04:23:6c:96:de (Blind)","ATT","21","Google Inc.","00ff00009a0d011a8c","00ff00009a0d011a8c","Sent Write Command, Handle: 0x000e (Google Inc.: SRAM)"
"20470","195.650631","Raspberr_e2:fc:fd (Raspberry Pi 4)","MS-NLB-PhysServer-32_04:23:6c:96:de (Blind)","ATT","21","Google Inc.","00ff00009aa1015a31","00ff00009aa1015a31","Sent Write Command, Handle: 0x000e (Google Inc.: SRAM)"
"20537","196.468934","Raspberr_e2:fc:fd (Raspberry Pi 4)","MS-NLB-PhysServer-32_04:23:6c:96:de (Blind)","ATT","21","Google Inc.","00ff00009a0d011b8d","00ff00009a0d011b8d","Sent Write Command, Handle: 0x000e (Google Inc.: SRAM)"
"20672","197.624395","Raspberr_e2:fc:fd (Raspberry Pi 4)","MS-NLB-PhysServer-32_04:23:6c:96:de (Blind)","ATT","21","Google Inc.","00ff00009aa1015a31","00ff00009aa1015a31","Sent Write Command, Handle: 0x000e (Google Inc.: SRAM)"
"20847","199.001088","Raspberr_e2:fc:fd (Raspberry Pi 4)","MS-NLB-PhysServer-32_04:23:6c:96:de (Blind)","ATT","21","Google Inc.","00ff00009a0d011b8d","00ff00009a0d011b8d","Sent Write Command, Handle: 0x000e (Google Inc.: SRAM)"
"21094","201.013076","Raspberr_e2:fc:fd (Raspberry Pi 4)","MS-NLB-PhysServer-32_04:23:6c:96:de (Blind)","ATT","21","Google Inc.","00ff00009a0d011c8a","00ff00009a0d011c8a","Sent Write Command, Handle: 0x000e (Google Inc.: SRAM)"
"21266","202.199376","Raspberr_e2:fc:fd (Raspberry Pi 4)","MS-NLB-PhysServer-32_04:23:6c:96:de (Blind)","ATT","21","Google Inc.","00ff00009aa1015a31","00ff00009aa1015a31","Sent Write Command, Handle: 0x000e (Google Inc.: SRAM)"
"21409","203.374588","Raspberr_e2:fc:fd (Raspberry Pi 4)","MS-NLB-PhysServer-32_04:23:6c:96:de (Blind)","ATT","21","Google Inc.","00ff00009a0d011c8a","00ff00009a0d011c8a","Sent Write Command, Handle: 0x000e (Google Inc.: SRAM)"
"21633","205.303614","Raspberr_e2:fc:fd (Raspberry Pi 4)","MS-NLB-PhysServer-32_04:23:6c:96:de (Blind)","ATT","21","Google Inc.","00ff00009a0d011c8a","00ff00009a0d011c8a","Sent Write Command, Handle: 0x000e (Google Inc.: SRAM)"
"21783","207.228028","Raspberr_e2:fc:fd (Raspberry Pi 4)","MS-NLB-PhysServer-32_04:23:6c:96:de (Blind)","ATT","21","Google Inc.","00ff00009a0d011c8a","00ff00009a0d011c8a","Sent Write Command, Handle: 0x000e (Google Inc.: SRAM)"
"21882","208.618802","Raspberr_e2:fc:fd (Raspberry Pi 4)","MS-NLB-PhysServer-32_04:23:6c:96:de (Blind)","ATT","21","Google Inc.","00ff00009a0d011c8a","00ff00009a0d011c8a","Sent Write Command, Handle: 0x000e (Google Inc.: SRAM)"
"22025","209.951420","Raspberr_e2:fc:fd (Raspberry Pi 4)","MS-NLB-PhysServer-32_04:23:6c:96:de (Blind)","ATT","21","Google Inc.","00ff00009a0d011c8a","00ff00009a0d011c8a","Sent Write Command, Handle: 0x000e (Google Inc.: SRAM)"
"22223","211.563213","Raspberr_e2:fc:fd (Raspberry Pi 4)","MS-NLB-PhysServer-32_04:23:6c:96:de (Blind)","ATT","21","Google Inc.","00ff00009a0d011c8a","00ff00009a0d011c8a","Sent Write Command, Handle: 0x000e (Google Inc.: SRAM)"
"22447","213.311491","Raspberr_e2:fc:fd (Raspberry Pi 4)","MS-NLB-PhysServer-32_04:23:6c:96:de (Blind)","ATT","21","Google Inc.","00ff00009a0d011c8a","00ff00009a0d011c8a","Sent Write Command, Handle: 0x000e (Google Inc.: SRAM)"
"22626","214.735913","Raspberr_e2:fc:fd (Raspberry Pi 4)","MS-NLB-PhysServer-32_04:23:6c:96:de (Blind)","ATT","21","Google Inc.","00ff00009a0d011c8a","00ff00009a0d011c8a","Sent Write Command, Handle: 0x000e (Google Inc.: SRAM)"
"22788","215.992744","Raspberr_e2:fc:fd (Raspberry Pi 4)","MS-NLB-PhysServer-32_04:23:6c:96:de (Blind)","ATT","21","Google Inc.","00ff00009a0d011d8b","00ff00009a0d011d8b","Sent Write Command, Handle: 0x000e (Google Inc.: SRAM)"
"22938","217.201801","Raspberr_e2:fc:fd (Raspberry Pi 4)","MS-NLB-PhysServer-32_04:23:6c:96:de (Blind)","ATT","21","Google Inc.","00ff00009aa1015a31","00ff00009aa1015a31","Sent Write Command, Handle: 0x000e (Google Inc.: SRAM)"
"23020","218.435698","Raspberr_e2:fc:fd (Raspberry Pi 4)","MS-NLB-PhysServer-32_04:23:6c:96:de (Blind)","ATT","21","Google Inc.","00ff00009a0d011d8b","00ff00009a0d011d8b","Sent Write Command, Handle: 0x000e (Google Inc.: SRAM)"
"23138","219.875536","Raspberr_e2:fc:fd (Raspberry Pi 4)","MS-NLB-PhysServer-32_04:23:6c:96:de (Blind)","ATT","21","Google Inc.","00ff00009a0d011e88","00ff00009a0d011e88","Sent Write Command, Handle: 0x000e (Google Inc.: SRAM)"
"23231","221.024024","Raspberr_e2:fc:fd (Raspberry Pi 4)","MS-NLB-PhysServer-32_04:23:6c:96:de (Blind)","ATT","21","Google Inc.","00ff00009aa1015a31","00ff00009aa1015a31","Sent Write Command, Handle: 0x000e (Google Inc.: SRAM)"
"23431","222.704546","Raspberr_e2:fc:fd (Raspberry Pi 4)","MS-NLB-PhysServer-32_04:23:6c:96:de (Blind)","ATT","21","Google Inc.","00ff00009a0d011f89","00ff00009a0d011f89","Sent Write Command, Handle: 0x000e (Google Inc.: SRAM)"
"23568","223.850759","Raspberr_e2:fc:fd (Raspberry Pi 4)","MS-NLB-PhysServer-32_04:23:6c:96:de (Blind)","ATT","21","Google Inc.","00ff00009aa1015a31","00ff00009aa1015a31","Sent Write Command, Handle: 0x000e (Google Inc.: SRAM)"
"23724","225.132562","Raspberr_e2:fc:fd (Raspberry Pi 4)","MS-NLB-PhysServer-32_04:23:6c:96:de (Blind)","ATT","21","Google Inc.","00ff00009a0d011f89","00ff00009a0d011f89","Sent Write Command, Handle: 0x000e (Google Inc.: SRAM)"
"23921","226.571660","Raspberr_e2:fc:fd (Raspberry Pi 4)","MS-NLB-PhysServer-32_04:23:6c:96:de (Blind)","ATT","21","Google Inc.","00ff00009a0d011f89","00ff00009a0d011f89","Sent Write Command, Handle: 0x000e (Google Inc.: SRAM)"
"24089","227.861386","Raspberr_e2:fc:fd (Raspberry Pi 4)","MS-NLB-PhysServer-32_04:23:6c:96:de (Blind)","ATT","21","Google Inc.","00ff00009a0d0120b6","00ff00009a0d0120b6","Sent Write Command, Handle: 0x000e (Google Inc.: SRAM)"
"24229","229.026447","Raspberr_e2:fc:fd (Raspberry Pi 4)","MS-NLB-PhysServer-32_04:23:6c:96:de (Blind)","ATT","21","Google Inc.","00ff00009aa1015a31","00ff00009aa1015a31","Sent Write Command, Handle: 0x000e (Google Inc.: SRAM)"
"24347","230.291412","Raspberr_e2:fc:fd (Raspberry Pi 4)","MS-NLB-PhysServer-32_04:23:6c:96:de (Blind)","ATT","21","Google Inc.","00ff00009a0d0121b7","00ff00009a0d0121b7","Sent Write Command, Handle: 0x000e (Google Inc.: SRAM)"
"24433","231.450321","Raspberr_e2:fc:fd (Raspberry Pi 4)","MS-NLB-PhysServer-32_04:23:6c:96:de (Blind)","ATT","21","Google Inc.","00ff00009aa1015a31","00ff00009aa1015a31","Sent Write Command, Handle: 0x000e (Google Inc.: SRAM)"
"24509","232.493070","Raspberr_e2:fc:fd (Raspberry Pi 4)","MS-NLB-PhysServer-32_04:23:6c:96:de (Blind)","ATT","21","Google Inc.","00ff00009a0d0120b6","00ff00009a0d0120b6","Sent Write Command, Handle: 0x000e (Google Inc.: SRAM)"
"24598","233.648888","Raspberr_e2:fc:fd (Raspberry Pi 4)","MS-NLB-PhysServer-32_04:23:6c:96:de (Blind)","ATT","21","Google Inc.","00ff00009aa1015a31","00ff00009aa1015a31","Sent Write Command, Handle: 0x000e (Google Inc.: SRAM)"
"24716","234.661756","Raspberr_e2:fc:fd (Raspberry Pi 4)","MS-NLB-PhysServer-32_04:23:6c:96:de (Blind)","ATT","21","Google Inc.","00ff00009a0d0122b4","00ff00009a0d0122b4","Sent Write Command, Handle: 0x000e (Google Inc.: SRAM)"
"24929","236.499309","Raspberr_e2:fc:fd (Raspberry Pi 4)","MS-NLB-PhysServer-32_04:23:6c:96:de (Blind)","ATT","21","Google Inc.","00ff00009aa1015a31","00ff00009aa1015a31","Sent Write Command, Handle: 0x000e (Google Inc.: SRAM)"
"25067","237.757064","Raspberr_e2:fc:fd (Raspberry Pi 4)","MS-NLB-PhysServer-32_04:23:6c:96:de (Blind)","ATT","21","Google Inc.","00ff00009a0d0121b7","00ff00009a0d0121b7","Sent Write Command, Handle: 0x000e (Google Inc.: SRAM)"
"25240","238.901384","Raspberr_e2:fc:fd (Raspberry Pi 4)","MS-NLB-PhysServer-32_04:23:6c:96:de (Blind)","ATT","21","Google Inc.","00ff00009aa1015a31","00ff00009aa1015a31","Sent Write Command, Handle: 0x000e (Google Inc.: SRAM)"
"25480","240.892284","Raspberr_e2:fc:fd (Raspberry Pi 4)","MS-NLB-PhysServer-32_04:23:6c:96:de (Blind)","ATT","21","Google Inc.","00ff00009a0d0122b4","00ff00009a0d0122b4","Sent Write Command, Handle: 0x000e (Google Inc.: SRAM)"
"25614","242.025604","Raspberr_e2:fc:fd (Raspberry Pi 4)","MS-NLB-PhysServer-32_04:23:6c:96:de (Blind)","ATT","21","Google Inc.","00ff00009aa1015a31","00ff00009aa1015a31","Sent Write Command, Handle: 0x000e (Google Inc.: SRAM)"
"25746","243.775672","Raspberr_e2:fc:fd (Raspberry Pi 4)","MS-NLB-PhysServer-32_04:23:6c:96:de (Blind)","ATT","21","Google Inc.","00ff00009a0d0121b7","00ff00009a0d0121b7","Sent Write Command, Handle: 0x000e (Google Inc.: SRAM)"
"25840","244.925159","Raspberr_e2:fc:fd (Raspberry Pi 4)","MS-NLB-PhysServer-32_04:23:6c:96:de (Blind)","ATT","21","Google Inc.","00ff00009aa1015a31","00ff00009aa1015a31","Sent Write Command, Handle: 0x000e (Google Inc.: SRAM)"
"25955","246.277792","Raspberr_e2:fc:fd (Raspberry Pi 4)","MS-NLB-PhysServer-32_04:23:6c:96:de (Blind)","ATT","21","Google Inc.","00ff00009a0d0122b4","00ff00009a0d0122b4","Sent Write Command, Handle: 0x000e (Google Inc.: SRAM)"
"26092","247.451759","Raspberr_e2:fc:fd (Raspberry Pi 4)","MS-NLB-PhysServer-32_04:23:6c:96:de (Blind)","ATT","21","Google Inc.","00ff00009aa1015a31","00ff00009aa1015a31","Sent Write Command, Handle: 0x000e (Google Inc.: SRAM)"
"26274","248.826930","Raspberr_e2:fc:fd (Raspberry Pi 4)","MS-NLB-PhysServer-32_04:23:6c:96:de (Blind)","ATT","21","Google Inc.","00ff00009a0d0121b7","00ff00009a0d0121b7","Sent Write Command, Handle: 0x000e (Google Inc.: SRAM)"
"26424","250.025788","Raspberr_e2:fc:fd (Raspberry Pi 4)","MS-NLB-PhysServer-32_04:23:6c:96:de (Blind)","ATT","21","Google Inc.","00ff00009aa1015a31","00ff00009aa1015a31","Sent Write Command, Handle: 0x000e (Google Inc.: SRAM)"
"26634","251.664519","Raspberr_e2:fc:fd (Raspberry Pi 4)","MS-NLB-PhysServer-32_04:23:6c:96:de (Blind)","ATT","21","Google Inc.","00ff00009a0d0121b7","00ff00009a0d0121b7","Sent Write Command, Handle: 0x000e (Google Inc.: SRAM)"
"26832","253.304544","Raspberr_e2:fc:fd (Raspberry Pi 4)","MS-NLB-PhysServer-32_04:23:6c:96:de (Blind)","ATT","21","Google Inc.","00ff00009a0d0121b7","00ff00009a0d0121b7","Sent Write Command, Handle: 0x000e (Google Inc.: SRAM)"
"26984","254.794129","Raspberr_e2:fc:fd (Raspberry Pi 4)","MS-NLB-PhysServer-32_04:23:6c:96:de (Blind)","ATT","21","Google Inc.","00ff00009a0d0122b4","00ff00009a0d0122b4","Sent Write Command, Handle: 0x000e (Google Inc.: SRAM)"
"27083","256.050955","Raspberr_e2:fc:fd (Raspberry Pi 4)","MS-NLB-PhysServer-32_04:23:6c:96:de (Blind)","ATT","21","Google Inc.","00ff00009aa1015a31","00ff00009aa1015a31","Sent Write Command, Handle: 0x000e (Google Inc.: SRAM)"
"27189","257.513738","Raspberr_e2:fc:fd (Raspberry Pi 4)","MS-NLB-PhysServer-32_04:23:6c:96:de (Blind)","ATT","21","Google Inc.","00ff00009a0d0121b7","00ff00009a0d0121b7","Sent Write Command, Handle: 0x000e (Google Inc.: SRAM)"
"27313","258.701618","Raspberr_e2:fc:fd (Raspberry Pi 4)","MS-NLB-PhysServer-32_04:23:6c:96:de (Blind)","ATT","21","Google Inc.","00ff00009aa1015a31","00ff00009aa1015a31","Sent Write Command, Handle: 0x000e (Google Inc.: SRAM)"
"27502","260.421482","Raspberr_e2:fc:fd (Raspberry Pi 4)","MS-NLB-PhysServer-32_04:23:6c:96:de (Blind)","ATT","21","Google Inc.","00ff00009a0d0121b7","00ff00009a0d0121b7","Sent Write Command, Handle: 0x000e (Google Inc.: SRAM)"
"27736","262.435962","Raspberr_e2:fc:fd (Raspberry Pi 4)","MS-NLB-PhysServer-32_04:23:6c:96:de (Blind)","ATT","21","Google Inc.","00ff00009a0d0121b7","00ff00009a0d0121b7","Sent Write Command, Handle: 0x000e (Google Inc.: SRAM)"
"27880","263.645286","Raspberr_e2:fc:fd (Raspberry Pi 4)","MS-NLB-PhysServer-32_04:23:6c:96:de (Blind)","ATT","21","Google Inc.","00ff00009a0d0121b7","00ff00009a0d0121b7","Sent Write Command, Handle: 0x000e (Google Inc.: SRAM)"
"28074","265.020608","Raspberr_e2:fc:fd (Raspberry Pi 4)","MS-NLB-PhysServer-32_04:23:6c:96:de (Blind)","ATT","21","Google Inc.","00ff00009a0d0122b4","00ff00009a0d0122b4","Sent Write Command, Handle: 0x000e (Google Inc.: SRAM)"
"28210","266.150903","Raspberr_e2:fc:fd (Raspberry Pi 4)","MS-NLB-PhysServer-32_04:23:6c:96:de (Blind)","ATT","21","Google Inc.","00ff00009aa1015a31","00ff00009aa1015a31","Sent Write Command, Handle: 0x000e (Google Inc.: SRAM)"
"28373","268.347889","Raspberr_e2:fc:fd (Raspberry Pi 4)","MS-NLB-PhysServer-32_04:23:6c:96:de (Blind)","ATT","21","Google Inc.","00ff00009a0d0121b7","00ff00009a0d0121b7","Sent Write Command, Handle: 0x000e (Google Inc.: SRAM)"
"28451","269.501692","Raspberr_e2:fc:fd (Raspberry Pi 4)","MS-NLB-PhysServer-32_04:23:6c:96:de (Blind)","ATT","21","Google Inc.","00ff00009aa1015a31","00ff00009aa1015a31","Sent Write Command, Handle: 0x000e (Google Inc.: SRAM)"
"28634","271.395590","Raspberr_e2:fc:fd (Raspberry Pi 4)","MS-NLB-PhysServer-32_04:23:6c:96:de (Blind)","ATT","21","Google Inc.","00ff00009a0d0121b7","00ff00009a0d0121b7","Sent Write Command, Handle: 0x000e (Google Inc.: SRAM)"
"28897","273.610402","Raspberr_e2:fc:fd (Raspberry Pi 4)","MS-NLB-PhysServer-32_04:23:6c:96:de (Blind)","ATT","21","Google Inc.","00ff00009a0d0121b7","00ff00009a0d0121b7","Sent Write Command, Handle: 0x000e (Google Inc.: SRAM)"
"29097","275.219904","Raspberr_e2:fc:fd (Raspberry Pi 4)","MS-NLB-PhysServer-32_04:23:6c:96:de (Blind)","ATT","21","Google Inc.","00ff00009a0d0122b4","00ff00009a0d0122b4","Sent Write Command, Handle: 0x000e (Google Inc.: SRAM)"
"29225","276.376131","Raspberr_e2:fc:fd (Raspberry Pi 4)","MS-NLB-PhysServer-32_04:23:6c:96:de (Blind)","ATT","21","Google Inc.","00ff00009aa1015a31","00ff00009aa1015a31","Sent Write Command, Handle: 0x000e (Google Inc.: SRAM)"
"29433","277.893290","Raspberr_e2:fc:fd (Raspberry Pi 4)","MS-NLB-PhysServer-32_04:23:6c:96:de (Blind)","ATT","21","Google Inc.","00ff00009a0d0121b7","00ff00009a0d0121b7","Sent Write Command, Handle: 0x000e (Google Inc.: SRAM)"
"29557","279.050001","Raspberr_e2:fc:fd (Raspberry Pi 4)","MS-NLB-PhysServer-32_04:23:6c:96:de (Blind)","ATT","21","Google Inc.","00ff00009aa1015a31","00ff00009aa1015a31","Sent Write Command, Handle: 0x000e (Google Inc.: SRAM)"
"29705","281.011920","Raspberr_e2:fc:fd (Raspberry Pi 4)","MS-NLB-PhysServer-32_04:23:6c:96:de (Blind)","ATT","21","Google Inc.","00ff00009a0d0122b4","00ff00009a0d0122b4","Sent Write Command, Handle: 0x000e (Google Inc.: SRAM)"
"29789","282.153803","Raspberr_e2:fc:fd (Raspberry Pi 4)","MS-NLB-PhysServer-32_04:23:6c:96:de (Blind)","ATT","21","Google Inc.","00ff00009aa1015a31","00ff00009aa1015a31","Sent Write Command, Handle: 0x000e (Google Inc.: SRAM)"
"30080","284.877594","Raspberr_e2:fc:fd (Raspberry Pi 4)","MS-NLB-PhysServer-32_04:23:6c:96:de (Blind)","ATT","21","Google Inc.","00ff00009a0d0121b7","00ff00009a0d0121b7","Sent Write Command, Handle: 0x000e (Google Inc.: SRAM)"
"30213","286.075841","Raspberr_e2:fc:fd (Raspberry Pi 4)","MS-NLB-PhysServer-32_04:23:6c:96:de (Blind)","ATT","21","Google Inc.","00ff00009aa1015a31","00ff00009aa1015a31","Sent Write Command, Handle: 0x000e (Google Inc.: SRAM)"
"30464","288.130542","Raspberr_e2:fc:fd (Raspberry Pi 4)","MS-NLB-PhysServer-32_04:23:6c:96:de (Blind)","ATT","21","Google Inc.","00ff00009a0d0125b3","00ff00009a0d0125b3","Sent Write Command, Handle: 0x000e (Google Inc.: SRAM)"
"30809","291.019016","Raspberr_e2:fc:fd (Raspberry Pi 4)","MS-NLB-PhysServer-32_04:23:6c:96:de (Blind)","ATT","21","Google Inc.","00ff00009aa1015a31","00ff00009aa1015a31","Sent Write Command, Handle: 0x000e (Google Inc.: SRAM)"
"31001","293.630455","Raspberr_e2:fc:fd (Raspberry Pi 4)","MS-NLB-PhysServer-32_04:23:6c:96:de (Blind)","ATT","21","Google Inc.","00ff00009a0d0124b2","00ff00009a0d0124b2","Sent Write Command, Handle: 0x000e (Google Inc.: SRAM)"
"31092","294.801181","Raspberr_e2:fc:fd (Raspberry Pi 4)","MS-NLB-PhysServer-32_04:23:6c:96:de (Blind)","ATT","21","Google Inc.","00ff00009aa1015a31","00ff00009aa1015a31","Sent Write Command, Handle: 0x000e (Google Inc.: SRAM)"
"31365","297.136038","Raspberr_e2:fc:fd (Raspberry Pi 4)","MS-NLB-PhysServer-32_04:23:6c:96:de (Blind)","ATT","21","Google Inc.","00ff00009a0d012eb8","00ff00009a0d012eb8","Sent Write Command, Handle: 0x000e (Google Inc.: SRAM)"
"32011","302.775045","Raspberr_e2:fc:fd (Raspberry Pi 4)","MS-NLB-PhysServer-32_04:23:6c:96:de (Blind)","ATT","21","Google Inc.","00ff00009aa1015a31","00ff00009aa1015a31","Sent Write Command, Handle: 0x000e (Google Inc.: SRAM)"
"32489","308.386434","Raspberr_e2:fc:fd (Raspberry Pi 4)","MS-NLB-PhysServer-32_04:23:6c:96:de (Blind)","ATT","21","Google Inc.","00ff00009a0d0122b4","00ff00009a0d0122b4","Sent Write Command, Handle: 0x000e (Google Inc.: SRAM)"
"32840","311.330865","Raspberr_e2:fc:fd (Raspberry Pi 4)","MS-NLB-PhysServer-32_04:23:6c:96:de (Blind)","ATT","21","Google Inc.","00ff00009a0d0128be","00ff00009a0d0128be","Sent Write Command, Handle: 0x000e (Google Inc.: SRAM)"
"32960","312.276206","Raspberr_e2:fc:fd (Raspberry Pi 4)","MS-NLB-PhysServer-32_04:23:6c:96:de (Blind)","ATT","21","Google Inc.","00ff00009aa1015a31","00ff00009aa1015a31","Sent Write Command, Handle: 0x000e (Google Inc.: SRAM)"
"33372","315.955537","Raspberr_e2:fc:fd (Raspberry Pi 4)","MS-NLB-PhysServer-32_04:23:6c:96:de (Blind)","ATT","21","Google Inc.","00ff00009a0d0128be","00ff00009a0d0128be","Sent Write Command, Handle: 0x000e (Google Inc.: SRAM)"
"33498","317.715461","Raspberr_e2:fc:fd (Raspberry Pi 4)","MS-NLB-PhysServer-32_04:23:6c:96:de (Blind)","ATT","21","Google Inc.","00ff00009a0d0128be","00ff00009a0d0128be","Sent Write Command, Handle: 0x000e (Google Inc.: SRAM)"
"33597","319.179022","Raspberr_e2:fc:fd (Raspberry Pi 4)","MS-NLB-PhysServer-32_04:23:6c:96:de (Blind)","ATT","21","Google Inc.","00ff00009a0d0129bf","00ff00009a0d0129bf","Sent Write Command, Handle: 0x000e (Google Inc.: SRAM)"
"33728","320.376683","Raspberr_e2:fc:fd (Raspberry Pi 4)","MS-NLB-PhysServer-32_04:23:6c:96:de (Blind)","ATT","21","Google Inc.","00ff00009aa1015a31","00ff00009aa1015a31","Sent Write Command, Handle: 0x000e (Google Inc.: SRAM)"
"33890","321.743313","Raspberr_e2:fc:fd (Raspberry Pi 4)","MS-NLB-PhysServer-32_04:23:6c:96:de (Blind)","ATT","21","Google Inc.","00ff00009a0d0127b1","00ff00009a0d0127b1","Sent Write Command, Handle: 0x000e (Google Inc.: SRAM)"
"34133","323.601641","Raspberr_e2:fc:fd (Raspberry Pi 4)","MS-NLB-PhysServer-32_04:23:6c:96:de (Blind)","ATT","21","Google Inc.","00ff00009aa1015a31","00ff00009aa1015a31","Sent Write Command, Handle: 0x000e (Google Inc.: SRAM)"
"34358","325.495800","Raspberr_e2:fc:fd (Raspberry Pi 4)","MS-NLB-PhysServer-32_04:23:6c:96:de (Blind)","ATT","21","Google Inc.","00ff00009a0d0127b1","00ff00009a0d0127b1","Sent Write Command, Handle: 0x000e (Google Inc.: SRAM)"
"34644","327.738245","Raspberr_e2:fc:fd (Raspberry Pi 4)","MS-NLB-PhysServer-32_04:23:6c:96:de (Blind)","ATT","21","Google Inc.","00ff00009a0d0129bf","00ff00009a0d0129bf","Sent Write Command, Handle: 0x000e (Google Inc.: SRAM)"
"34811","329.653100","Raspberr_e2:fc:fd (Raspberry Pi 4)","MS-NLB-PhysServer-32_04:23:6c:96:de (Blind)","ATT","21","Google Inc.","00ff00009aa1015a31","00ff00009aa1015a31","Sent Write Command, Handle: 0x000e (Google Inc.: SRAM)"
"34878","330.517039","Raspberr_e2:fc:fd (Raspberry Pi 4)","MS-NLB-PhysServer-32_04:23:6c:96:de (Blind)","ATT","21","Google Inc.","00ff00009a0d0128be","00ff00009a0d0128be","Sent Write Command, Handle: 0x000e (Google Inc.: SRAM)"
"34976","331.678379","Raspberr_e2:fc:fd (Raspberry Pi 4)","MS-NLB-PhysServer-32_04:23:6c:96:de (Blind)","ATT","21","Google Inc.","00ff00009aa1015a31","00ff00009aa1015a31","Sent Write Command, Handle: 0x000e (Google Inc.: SRAM)"
"35169","333.266422","Raspberr_e2:fc:fd (Raspberry Pi 4)","MS-NLB-PhysServer-32_04:23:6c:96:de (Blind)","ATT","21","Google Inc.","00ff00009a0d0128be","00ff00009a0d0128be","Sent Write Command, Handle: 0x000e (Google Inc.: SRAM)"
"35462","335.556618","Raspberr_e2:fc:fd (Raspberry Pi 4)","MS-NLB-PhysServer-32_04:23:6c:96:de (Blind)","ATT","21","Google Inc.","00ff00009a0d012bbd","00ff00009a0d012bbd","Sent Write Command, Handle: 0x000e (Google Inc.: SRAM)"
"35770","338.003088","Raspberr_e2:fc:fd (Raspberry Pi 4)","MS-NLB-PhysServer-32_04:23:6c:96:de (Blind)","ATT","21","Google Inc.","00ff00009aa1015a31","00ff00009aa1015a31","Sent Write Command, Handle: 0x000e (Google Inc.: SRAM)"
"36014","340.016409","Raspberr_e2:fc:fd (Raspberry Pi 4)","MS-NLB-PhysServer-32_04:23:6c:96:de (Blind)","ATT","21","Google Inc.","00ff00009a0d012abc","00ff00009a0d012abc","Sent Write Command, Handle: 0x000e (Google Inc.: SRAM)"
"36132","341.153129","Raspberr_e2:fc:fd (Raspberry Pi 4)","MS-NLB-PhysServer-32_04:23:6c:96:de (Blind)","ATT","21","Google Inc.","00ff00009aa1015a31","00ff00009aa1015a31","Sent Write Command, Handle: 0x000e (Google Inc.: SRAM)"
"36314","343.409879","Raspberr_e2:fc:fd (Raspberry Pi 4)","MS-NLB-PhysServer-32_04:23:6c:96:de (Blind)","ATT","21","Google Inc.","00ff00009a0d012bbd","00ff00009a0d012bbd","Sent Write Command, Handle: 0x000e (Google Inc.: SRAM)"
"36429","344.577969","Raspberr_e2:fc:fd (Raspberry Pi 4)","MS-NLB-PhysServer-32_04:23:6c:96:de (Blind)","ATT","21","Google Inc.","00ff00009aa1015a31","00ff00009aa1015a31","Sent Write Command, Handle: 0x000e (Google Inc.: SRAM)"
"36717","346.863842","Raspberr_e2:fc:fd (Raspberry Pi 4)","MS-NLB-PhysServer-32_04:23:6c:96:de (Blind)","ATT","21","Google Inc.","00ff00009a0d012dbb","00ff00009a0d012dbb","Sent Write Command, Handle: 0x000e (Google Inc.: SRAM)"
"36954","348.702722","Raspberr_e2:fc:fd (Raspberry Pi 4)","MS-NLB-PhysServer-32_04:23:6c:96:de (Blind)","ATT","21","Google Inc.","00ff00009aa1015a31","00ff00009aa1015a31","Sent Write Command, Handle: 0x000e (Google Inc.: SRAM)"
"37220","350.887014","Raspberr_e2:fc:fd (Raspberry Pi 4)","MS-NLB-PhysServer-32_04:23:6c:96:de (Blind)","ATT","21","Google Inc.","00ff00009a0d012dbb","00ff00009a0d012dbb","Sent Write Command, Handle: 0x000e (Google Inc.: SRAM)"
"37454","353.037416","Raspberr_e2:fc:fd (Raspberry Pi 4)","MS-NLB-PhysServer-32_04:23:6c:96:de (Blind)","ATT","21","Google Inc.","00ff00009a0d012eb8","00ff00009a0d012eb8","Sent Write Command, Handle: 0x000e (Google Inc.: SRAM)"
"37556","354.205002","Raspberr_e2:fc:fd (Raspberry Pi 4)","MS-NLB-PhysServer-32_04:23:6c:96:de (Blind)","ATT","21","Google Inc.","00ff00009aa1015a31","00ff00009aa1015a31","Sent Write Command, Handle: 0x000e (Google Inc.: SRAM)"
"37696","356.186161","Raspberr_e2:fc:fd (Raspberry Pi 4)","MS-NLB-PhysServer-32_04:23:6c:96:de (Blind)","ATT","21","Google Inc.","00ff00009a0d012fb9","00ff00009a0d012fb9","Sent Write Command, Handle: 0x000e (Google Inc.: SRAM)"
"37833","357.377132","Raspberr_e2:fc:fd (Raspberry Pi 4)","MS-NLB-PhysServer-32_04:23:6c:96:de (Blind)","ATT","21","Google Inc.","00ff00009aa1015a31","00ff00009aa1015a31","Sent Write Command, Handle: 0x000e (Google Inc.: SRAM)"
"38136","359.838263","Raspberr_e2:fc:fd (Raspberry Pi 4)","MS-NLB-PhysServer-32_04:23:6c:96:de (Blind)","ATT","21","Google Inc.","00ff00009a0d0130a6","00ff00009a0d0130a6","Sent Write Command, Handle: 0x000e (Google Inc.: SRAM)"
"38276","361.001958","Raspberr_e2:fc:fd (Raspberry Pi 4)","MS-NLB-PhysServer-32_04:23:6c:96:de (Blind)","ATT","21","Google Inc.","00ff00009aa1015a31","00ff00009aa1015a31","Sent Write Command, Handle: 0x000e (Google Inc.: SRAM)"
"38572","363.462885","Raspberr_e2:fc:fd (Raspberry Pi 4)","MS-NLB-PhysServer-32_04:23:6c:96:de (Blind)","ATT","21","Google Inc.","00ff00009a0d0138ae","00ff00009a0d0138ae","Sent Write Command, Handle: 0x000e (Google Inc.: SRAM)"
"38984","368.228333","Raspberr_e2:fc:fd (Raspberry Pi 4)","MS-NLB-PhysServer-32_04:23:6c:96:de (Blind)","ATT","21","Google Inc.","00ff00009aa1015a31","00ff00009aa1015a31","Sent Write Command, Handle: 0x000e (Google Inc.: SRAM)"
"39247","370.508774","Raspberr_e2:fc:fd (Raspberry Pi 4)","MS-NLB-PhysServer-32_04:23:6c:96:de (Blind)","ATT","21","Google Inc.","00ff00009a0d0138ae","00ff00009a0d0138ae","Sent Write Command, Handle: 0x000e (Google Inc.: SRAM)"
"39546","372.956954","Raspberr_e2:fc:fd (Raspberry Pi 4)","MS-NLB-PhysServer-32_04:23:6c:96:de (Blind)","ATT","21","Google Inc.","00ff00009a0d0138ae","00ff00009a0d0138ae","Sent Write Command, Handle: 0x000e (Google Inc.: SRAM)"
"39746","374.786592","Raspberr_e2:fc:fd (Raspberry Pi 4)","MS-NLB-PhysServer-32_04:23:6c:96:de (Blind)","ATT","21","Google Inc.","00ff00009a0d0139af","00ff00009a0d0139af","Sent Write Command, Handle: 0x000e (Google Inc.: SRAM)"
"39894","375.954306","Raspberr_e2:fc:fd (Raspberry Pi 4)","MS-NLB-PhysServer-32_04:23:6c:96:de (Blind)","ATT","21","Google Inc.","00ff00009aa1015a31","00ff00009aa1015a31","Sent Write Command, Handle: 0x000e (Google Inc.: SRAM)"
"40074","377.710884","Raspberr_e2:fc:fd (Raspberry Pi 4)","MS-NLB-PhysServer-32_04:23:6c:96:de (Blind)","ATT","21","Google Inc.","00ff00009a0d013bad","00ff00009a0d013bad","Sent Write Command, Handle: 0x000e (Google Inc.: SRAM)"
"40225","379.553381","Raspberr_e2:fc:fd (Raspberry Pi 4)","MS-NLB-PhysServer-32_04:23:6c:96:de (Blind)","ATT","21","Google Inc.","00ff00009aa1015a31","00ff00009aa1015a31","Sent Write Command, Handle: 0x000e (Google Inc.: SRAM)"
"40424","381.770037","Raspberr_e2:fc:fd (Raspberry Pi 4)","MS-NLB-PhysServer-32_04:23:6c:96:de (Blind)","ATT","21","Google Inc.","00ff00009a0d013ea8","00ff00009a0d013ea8","Sent Write Command, Handle: 0x000e (Google Inc.: SRAM)"
"40722","384.179528","Raspberr_e2:fc:fd (Raspberry Pi 4)","MS-NLB-PhysServer-32_04:23:6c:96:de (Blind)","ATT","21","Google Inc.","00ff00009aa1015a31","00ff00009aa1015a31","Sent Write Command, Handle: 0x000e (Google Inc.: SRAM)"
"40907","385.811543","Raspberr_e2:fc:fd (Raspberry Pi 4)","MS-NLB-PhysServer-32_04:23:6c:96:de (Blind)","ATT","21","Google Inc.","00ff00009a0d013ea8","00ff00009a0d013ea8","Sent Write Command, Handle: 0x000e (Google Inc.: SRAM)"
"41134","387.765071","Raspberr_e2:fc:fd (Raspberry Pi 4)","MS-NLB-PhysServer-32_04:23:6c:96:de (Blind)","ATT","21","Google Inc.","00ff00009a0d013ea8","00ff00009a0d013ea8","Sent Write Command, Handle: 0x000e (Google Inc.: SRAM)"
"41342","389.534040","Raspberr_e2:fc:fd (Raspberry Pi 4)","MS-NLB-PhysServer-32_04:23:6c:96:de (Blind)","ATT","21","Google Inc.","00ff00009a0d013fa9","00ff00009a0d013fa9","Sent Write Command, Handle: 0x000e (Google Inc.: SRAM)"
"41431","390.703651","Raspberr_e2:fc:fd (Raspberry Pi 4)","MS-NLB-PhysServer-32_04:23:6c:96:de (Blind)","ATT","21","Google Inc.","00ff00009aa1015a31","00ff00009aa1015a31","Sent Write Command, Handle: 0x000e (Google Inc.: SRAM)"
"41561","392.381527","Raspberr_e2:fc:fd (Raspberry Pi 4)","MS-NLB-PhysServer-32_04:23:6c:96:de (Blind)","ATT","21","Google Inc.","00ff00009a0d013fa9","00ff00009a0d013fa9","Sent Write Command, Handle: 0x000e (Google Inc.: SRAM)"
"41744","394.217324","Raspberr_e2:fc:fd (Raspberry Pi 4)","MS-NLB-PhysServer-32_04:23:6c:96:de (Blind)","ATT","21","Google Inc.","00ff00009a0d0140d6","00ff00009a0d0140d6","Sent Write Command, Handle: 0x000e (Google Inc.: SRAM)"
"41884","395.377892","Raspberr_e2:fc:fd (Raspberry Pi 4)","MS-NLB-PhysServer-32_04:23:6c:96:de (Blind)","ATT","21","Google Inc.","00ff00009aa1015a31","00ff00009aa1015a31","Sent Write Command, Handle: 0x000e (Google Inc.: SRAM)"
"42124","397.527207","Raspberr_e2:fc:fd (Raspberry Pi 4)","MS-NLB-PhysServer-32_04:23:6c:96:de (Blind)","ATT","21","Google Inc.","00ff00009a0d0140d6","00ff00009a0d0140d6","Sent Write Command, Handle: 0x000e (Google Inc.: SRAM)"
"42384","399.676201","Raspberr_e2:fc:fd (Raspberry Pi 4)","MS-NLB-PhysServer-32_04:23:6c:96:de (Blind)","ATT","21","Google Inc.","00ff00009a0d0141d7","00ff00009a0d0141d7","Sent Write Command, Handle: 0x000e (Google Inc.: SRAM)"
"42526","400.853045","Raspberr_e2:fc:fd (Raspberry Pi 4)","MS-NLB-PhysServer-32_04:23:6c:96:de (Blind)","ATT","21","Google Inc.","00ff00009aa1015a31","00ff00009aa1015a31","Sent Write Command, Handle: 0x000e (Google Inc.: SRAM)"
"42687","402.809666","Raspberr_e2:fc:fd (Raspberry Pi 4)","MS-NLB-PhysServer-32_04:23:6c:96:de (Blind)","ATT","21","Google Inc.","00ff00009a0d0143d5","00ff00009a0d0143d5","Sent Write Command, Handle: 0x000e (Google Inc.: SRAM)"
"42828","404.654134","Raspberr_e2:fc:fd (Raspberry Pi 4)","MS-NLB-PhysServer-32_04:23:6c:96:de (Blind)","ATT","21","Google Inc.","00ff00009aa1015a31","00ff00009aa1015a31","Sent Write Command, Handle: 0x000e (Google Inc.: SRAM)"
"43106","407.205207","Raspberr_e2:fc:fd (Raspberry Pi 4)","MS-NLB-PhysServer-32_04:23:6c:96:de (Blind)","ATT","21","Google Inc.","00ff00009a0d0145d3","00ff00009a0d0145d3","Sent Write Command, Handle: 0x000e (Google Inc.: SRAM)"
"43342","409.054340","Raspberr_e2:fc:fd (Raspberry Pi 4)","MS-NLB-PhysServer-32_04:23:6c:96:de (Blind)","ATT","21","Google Inc.","00ff00009aa1015a31","00ff00009aa1015a31","Sent Write Command, Handle: 0x000e (Google Inc.: SRAM)"
"43602","411.391021","Raspberr_e2:fc:fd (Raspberry Pi 4)","MS-NLB-PhysServer-32_04:23:6c:96:de (Blind)","ATT","21","Google Inc.","00ff00009a0d0145d3","00ff00009a0d0145d3","Sent Write Command, Handle: 0x000e (Google Inc.: SRAM)"
"43847","413.529786","Raspberr_e2:fc:fd (Raspberry Pi 4)","MS-NLB-PhysServer-32_04:23:6c:96:de (Blind)","ATT","21","Google Inc.","00ff00009a0d0149df","00ff00009a0d0149df","Sent Write Command, Handle: 0x000e (Google Inc.: SRAM)"
"44080","416.454076","Raspberr_e2:fc:fd (Raspberry Pi 4)","MS-NLB-PhysServer-32_04:23:6c:96:de (Blind)","ATT","21","Google Inc.","00ff00009aa1015a31","00ff00009aa1015a31","Sent Write Command, Handle: 0x000e (Google Inc.: SRAM)"
"44166","417.989026","Raspberr_e2:fc:fd (Raspberry Pi 4)","MS-NLB-PhysServer-32_04:23:6c:96:de (Blind)","ATT","21","Google Inc.","00ff00009a0d014adc","00ff00009a0d014adc","Sent Write Command, Handle: 0x000e (Google Inc.: SRAM)"
"44302","419.103517","Raspberr_e2:fc:fd (Raspberry Pi 4)","MS-NLB-PhysServer-32_04:23:6c:96:de (Blind)","ATT","21","Google Inc.","00ff00009aa1015a31","00ff00009aa1015a31","Sent Write Command, Handle: 0x000e (Google Inc.: SRAM)"
"44512","420.737962","Raspberr_e2:fc:fd (Raspberry Pi 4)","MS-NLB-PhysServer-32_04:23:6c:96:de (Blind)","ATT","21","Google Inc.","00ff00009a0d014adc","00ff00009a0d014adc","Sent Write Command, Handle: 0x000e (Google Inc.: SRAM)"
"44754","422.679495","Raspberr_e2:fc:fd (Raspberry Pi 4)","MS-NLB-PhysServer-32_04:23:6c:96:de (Blind)","ATT","21","Google Inc.","00ff00009a0d0151c7","00ff00009a0d0151c7","Sent Write Command, Handle: 0x000e (Google Inc.: SRAM)"
"45220","427.003946","Raspberr_e2:fc:fd (Raspberry Pi 4)","MS-NLB-PhysServer-32_04:23:6c:96:de (Blind)","ATT","21","Google Inc.","00ff00009aa1015a31","00ff00009aa1015a31","Sent Write Command, Handle: 0x000e (Google Inc.: SRAM)"
"45419","429.723444","Raspberr_e2:fc:fd (Raspberry Pi 4)","MS-NLB-PhysServer-32_04:23:6c:96:de (Blind)","ATT","21","Google Inc.","00ff00009a0d0150c6","00ff00009a0d0150c6","Sent Write Command, Handle: 0x000e (Google Inc.: SRAM)"
"45544","430.929233","Raspberr_e2:fc:fd (Raspberry Pi 4)","MS-NLB-PhysServer-32_04:23:6c:96:de (Blind)","ATT","21","Google Inc.","00ff00009aa1015a31","00ff00009aa1015a31","Sent Write Command, Handle: 0x000e (Google Inc.: SRAM)"
"45857","433.603070","Raspberr_e2:fc:fd (Raspberry Pi 4)","MS-NLB-PhysServer-32_04:23:6c:96:de (Blind)","ATT","21","Google Inc.","00ff00009a0d0155c3","00ff00009a0d0155c3","Sent Write Command, Handle: 0x000e (Google Inc.: SRAM)"
"46235","436.978686","Raspberr_e2:fc:fd (Raspberry Pi 4)","MS-NLB-PhysServer-32_04:23:6c:96:de (Blind)","ATT","21","Google Inc.","00ff00009aa1015a31","00ff00009aa1015a31","Sent Write Command, Handle: 0x000e (Google Inc.: SRAM)"
"46452","439.381565","Raspberr_e2:fc:fd (Raspberry Pi 4)","MS-NLB-PhysServer-32_04:23:6c:96:de (Blind)","ATT","21","Google Inc.","00ff00009a0d0155c3","00ff00009a0d0155c3","Sent Write Command, Handle: 0x000e (Google Inc.: SRAM)"
"46619","441.926605","Raspberr_e2:fc:fd (Raspberry Pi 4)","MS-NLB-PhysServer-32_04:23:6c:96:de (Blind)","ATT","21","Google Inc.","00ff00009a0d015dcb","00ff00009a0d015dcb","Sent Write Command, Handle: 0x000e (Google Inc.: SRAM)"
"47151","446.679440","Raspberr_e2:fc:fd (Raspberry Pi 4)","MS-NLB-PhysServer-32_04:23:6c:96:de (Blind)","ATT","21","Google Inc.","00ff00009aa1015a31","00ff00009aa1015a31","Sent Write Command, Handle: 0x000e (Google Inc.: SRAM)"
"47447","449.229717","Raspberr_e2:fc:fd (Raspberry Pi 4)","MS-NLB-PhysServer-32_04:23:6c:96:de (Blind)","ATT","21","Google Inc.","00ff00009a0d0164f2","00ff00009a0d0164f2","Sent Write Command, Handle: 0x000e (Google Inc.: SRAM)"
"47788","453.503612","Raspberr_e2:fc:fd (Raspberry Pi 4)","MS-NLB-PhysServer-32_04:23:6c:96:de (Blind)","ATT","21","Google Inc.","00ff00009aa1015a31","00ff00009aa1015a31","Sent Write Command, Handle: 0x000e (Google Inc.: SRAM)"
"47992","455.986786","Raspberr_e2:fc:fd (Raspberry Pi 4)","MS-NLB-PhysServer-32_04:23:6c:96:de (Blind)","ATT","21","Google Inc.","00ff00009a0d0164f2","00ff00009a0d0164f2","Sent Write Command, Handle: 0x000e (Google Inc.: SRAM)"
"48256","458.009509","Raspberr_e2:fc:fd (Raspberry Pi 4)","MS-NLB-PhysServer-32_04:23:6c:96:de (Blind)","ATT","21","Google Inc.","00ff00009a0d0163f5","00ff00009a0d0163f5","Sent Write Command, Handle: 0x000e (Google Inc.: SRAM)"
"48412","459.205043","Raspberr_e2:fc:fd (Raspberry Pi 4)","MS-NLB-PhysServer-32_04:23:6c:96:de (Blind)","ATT","21","Google Inc.","00ff00009aa1015a31","00ff00009aa1015a31","Sent Write Command, Handle: 0x000e (Google Inc.: SRAM)"
"48713","461.841525","Raspberr_e2:fc:fd (Raspberry Pi 4)","MS-NLB-PhysServer-32_04:23:6c:96:de (Blind)","ATT","21","Google Inc.","00ff00009a0d0163f5","00ff00009a0d0163f5","Sent Write Command, Handle: 0x000e (Google Inc.: SRAM)"
"49052","466.711373","Raspberr_e2:fc:fd (Raspberry Pi 4)","MS-NLB-PhysServer-32_04:23:6c:96:de (Blind)","ATT","21","Google Inc.","00ff00009a0d0143d5","00ff00009a0d0143d5","Sent Write Command, Handle: 0x000e (Google Inc.: SRAM)"
"49371","469.358232","Raspberr_e2:fc:fd (Raspberry Pi 4)","MS-NLB-PhysServer-32_04:23:6c:96:de (Blind)","ATT","21","Google Inc.","00ff00009a0d0164f2","00ff00009a0d0164f2","Sent Write Command, Handle: 0x000e (Google Inc.: SRAM)"
"49377","469.429000","Raspberr_e2:fc:fd (Raspberry Pi 4)","MS-NLB-PhysServer-32_04:23:6c:96:de (Blind)","ATT","21","Google Inc.","00ff00009aa1015a31","00ff00009aa1015a31","Sent Write Command, Handle: 0x000e (Google Inc.: SRAM)"
"49825","473.054688","Raspberr_e2:fc:fd (Raspberry Pi 4)","MS-NLB-PhysServer-32_04:23:6c:96:de (Blind)","ATT","21","Google Inc.","00ff00009aa1015a31","00ff00009aa1015a31","Sent Write Command, Handle: 0x000e (Google Inc.: SRAM)"
"50058","474.928114","Raspberr_e2:fc:fd (Raspberry Pi 4)","MS-NLB-PhysServer-32_04:23:6c:96:de (Blind)","ATT","21","Google Inc.","00ff00009a0d0163f5","00ff00009a0d0163f5","Sent Write Command, Handle: 0x000e (Google Inc.: SRAM)"
"50152","476.106050","Raspberr_e2:fc:fd (Raspberry Pi 4)","MS-NLB-PhysServer-32_04:23:6c:96:de (Blind)","ATT","21","Google Inc.","00ff00009aa1015a31","00ff00009aa1015a31","Sent Write Command, Handle: 0x000e (Google Inc.: SRAM)"
"50428","479.931458","Raspberr_e2:fc:fd (Raspberry Pi 4)","MS-NLB-PhysServer-32_04:23:6c:96:de (Blind)","ATT","21","Google Inc.","00ff00009a0a01ee7f","00ff00009a0a01ee7f","Sent Write Command, Handle: 0x000e (Google Inc.: SRAM)"
"50649","481.607675","Raspberr_e2:fc:fd (Raspberry Pi 4)","MS-NLB-PhysServer-32_04:23:6c:96:de (Blind)","ATT","21","Google Inc.","00ff00009aa1015a31","00ff00009aa1015a31","Sent Write Command, Handle: 0x000e (Google Inc.: SRAM)"
"51350","487.582384","Raspberr_e2:fc:fd (Raspberry Pi 4)","MS-NLB-PhysServer-32_04:23:6c:96:de (Blind)","ATT","21","Google Inc.","00ff00009a0d015ec8","00ff00009a0d015ec8","Sent Write Command, Handle: 0x000e (Google Inc.: SRAM)"
"51618","491.455301","Raspberr_e2:fc:fd (Raspberry Pi 4)","MS-NLB-PhysServer-32_04:23:6c:96:de (Blind)","ATT","21","Google Inc.","00ff00009aa1015a31","00ff00009aa1015a31","Sent Write Command, Handle: 0x000e (Google Inc.: SRAM)"
"51839","493.355733","Raspberr_e2:fc:fd (Raspberry Pi 4)","MS-NLB-PhysServer-32_04:23:6c:96:de (Blind)","ATT","21","Google Inc.","00ff00009a0d0160f6","00ff00009a0d0160f6","Sent Write Command, Handle: 0x000e (Google Inc.: SRAM)"
"52093","495.230257","Raspberr_e2:fc:fd (Raspberry Pi 4)","MS-NLB-PhysServer-32_04:23:6c:96:de (Blind)","ATT","21","Google Inc.","00ff00009aa1015a31","00ff00009aa1015a31","Sent Write Command, Handle: 0x000e (Google Inc.: SRAM)"
"52307","497.041097","Raspberr_e2:fc:fd (Raspberry Pi 4)","MS-NLB-PhysServer-32_04:23:6c:96:de (Blind)","ATT","21","Google Inc.","00ff00009a0a01ee7f","00ff00009a0a01ee7f","Sent Write Command, Handle: 0x000e (Google Inc.: SRAM)"
"52364","497.519787","Raspberr_e2:fc:fd (Raspberry Pi 4)","MS-NLB-PhysServer-32_04:23:6c:96:de (Blind)","ATT","21","Google Inc.","00ff00009a0a01cc5d","00ff00009a0a01cc5d","Sent Write Command, Handle: 0x000e (Google Inc.: SRAM)"
"52375","497.588251","Raspberr_e2:fc:fd (Raspberry Pi 4)","MS-NLB-PhysServer-32_04:23:6c:96:de (Blind)","ATT","21","Google Inc.","00ff00009aa1015a31","00ff00009aa1015a31","Sent Write Command, Handle: 0x000e (Google Inc.: SRAM)"
"52654","500.922988","Raspberr_e2:fc:fd (Raspberry Pi 4)","MS-NLB-PhysServer-32_04:23:6c:96:de (Blind)","ATT","21","Google Inc.","00ff00009a0d0164f2","00ff00009a0d0164f2","Sent Write Command, Handle: 0x000e (Google Inc.: SRAM)"
"52828","503.606535","Raspberr_e2:fc:fd (Raspberry Pi 4)","MS-NLB-PhysServer-32_04:23:6c:96:de (Blind)","ATT","21","Google Inc.","00ff00009aa1015a31","00ff00009aa1015a31","Sent Write Command, Handle: 0x000e (Google Inc.: SRAM)"
"53070","505.679739","Raspberr_e2:fc:fd (Raspberry Pi 4)","MS-NLB-PhysServer-32_04:23:6c:96:de (Blind)","ATT","21","Google Inc.","00ff00009a0a01ee7f","00ff00009a0a01ee7f","Sent Write Command, Handle: 0x000e (Google Inc.: SRAM)"
"53086","505.794998","Raspberr_e2:fc:fd (Raspberry Pi 4)","MS-NLB-PhysServer-32_04:23:6c:96:de (Blind)","ATT","21","Google Inc.","00ff00009aa1015a31","00ff00009aa1015a31","Sent Write Command, Handle: 0x000e (Google Inc.: SRAM)"
"53106","505.999409","Raspberr_e2:fc:fd (Raspberry Pi 4)","MS-NLB-PhysServer-32_04:23:6c:96:de (Blind)","ATT","21","Google Inc.","00ff00009a0a01cc5d","00ff00009a0a01cc5d","Sent Write Command, Handle: 0x000e (Google Inc.: SRAM)"
"53162","506.463017","Raspberr_e2:fc:fd (Raspberry Pi 4)","MS-NLB-PhysServer-32_04:23:6c:96:de (Blind)","ATT","21","Google Inc.","00ff00009a0a01ee7f","00ff00009a0a01ee7f","Sent Write Command, Handle: 0x000e (Google Inc.: SRAM)"
"53179","506.540651","Raspberr_e2:fc:fd (Raspberry Pi 4)","MS-NLB-PhysServer-32_04:23:6c:96:de (Blind)","ATT","21","Google Inc.","00ff00009aa1015a31","00ff00009aa1015a31","Sent Write Command, Handle: 0x000e (Google Inc.: SRAM)"
"53199","506.677402","Raspberr_e2:fc:fd (Raspberry Pi 4)","MS-NLB-PhysServer-32_04:23:6c:96:de (Blind)","ATT","21","Google Inc.","00ff00009a0a01cc5d","00ff00009a0a01cc5d","Sent Write Command, Handle: 0x000e (Google Inc.: SRAM)"
"53403","508.405379","Raspberr_e2:fc:fd (Raspberry Pi 4)","MS-NLB-PhysServer-32_04:23:6c:96:de (Blind)","ATT","21","Google Inc.","00ff00009a0d0159cf","00ff00009a0d0159cf","Sent Write Command, Handle: 0x000e (Google Inc.: SRAM)"
"53992","514.682027","Raspberr_e2:fc:fd (Raspberry Pi 4)","MS-NLB-PhysServer-32_04:23:6c:96:de (Blind)","ATT","21","Google Inc.","00ff00009aa1015a31","00ff00009aa1015a31","Sent Write Command, Handle: 0x000e (Google Inc.: SRAM)"
"54057","515.633895","Raspberr_e2:fc:fd (Raspberry Pi 4)","MS-NLB-PhysServer-32_04:23:6c:96:de (Blind)","ATT","21","Google Inc.","00ff00009a0d0159cf","00ff00009a0d0159cf","Sent Write Command, Handle: 0x000e (Google Inc.: SRAM)"
"54403","518.628673","Raspberr_e2:fc:fd (Raspberry Pi 4)","MS-NLB-PhysServer-32_04:23:6c:96:de (Blind)","ATT","21","Google Inc.","00ff00009a0d0164f2","00ff00009a0d0164f2","Sent Write Command, Handle: 0x000e (Google Inc.: SRAM)"
"54585","519.955874","Raspberr_e2:fc:fd (Raspberry Pi 4)","MS-NLB-PhysServer-32_04:23:6c:96:de (Blind)","ATT","21","Google Inc.","00ff00009aa2015a31","00ff00009aa2015a31","Sent Write Command, Handle: 0x000e (Google Inc.: SRAM)"
"55123","524.808926","Raspberr_e2:fc:fd (Raspberry Pi 4)","MS-NLB-PhysServer-32_04:23:6c:96:de (Blind)","ATT","21","Google Inc.","00ff00009aa1015a31","00ff00009aa1015a31","Sent Write Command, Handle: 0x000e (Google Inc.: SRAM)"
"55370","528.198706","Raspberr_e2:fc:fd (Raspberry Pi 4)","MS-NLB-PhysServer-32_04:23:6c:96:de (Blind)","ATT","21","Google Inc.","00ff00009a0d0164f2","00ff00009a0d0164f2","Sent Write Command, Handle: 0x000e (Google Inc.: SRAM)"
"55606","530.147516","Raspberr_e2:fc:fd (Raspberry Pi 4)","MS-NLB-PhysServer-32_04:23:6c:96:de (Blind)","ATT","21","Google Inc.","00ff00009a0d015ec8","00ff00009a0d015ec8","Sent Write Command, Handle: 0x000e (Google Inc.: SRAM)"
"56055","534.033030","Raspberr_e2:fc:fd (Raspberry Pi 4)","MS-NLB-PhysServer-32_04:23:6c:96:de (Blind)","ATT","21","Google Inc.","00ff00009aa1015a31","00ff00009aa1015a31","Sent Write Command, Handle: 0x000e (Google Inc.: SRAM)"
"56156","534.897701","Raspberr_e2:fc:fd (Raspberry Pi 4)","MS-NLB-PhysServer-32_04:23:6c:96:de (Blind)","ATT","21","Google Inc.","00ff00009a0d014fd9","00ff00009a0d014fd9","Sent Write Command, Handle: 0x000e (Google Inc.: SRAM)"
"56428","537.798306","Raspberr_e2:fc:fd (Raspberry Pi 4)","MS-NLB-PhysServer-32_04:23:6c:96:de (Blind)","ATT","21","Google Inc.","00ff00009a0d0153c5","00ff00009a0d0153c5","Sent Write Command, Handle: 0x000e (Google Inc.: SRAM)"
"56700","541.156445","Raspberr_e2:fc:fd (Raspberry Pi 4)","MS-NLB-PhysServer-32_04:23:6c:96:de (Blind)","ATT","21","Google Inc.","00ff00009aa1015a31","00ff00009aa1015a31","Sent Write Command, Handle: 0x000e (Google Inc.: SRAM)"
"57022","543.763820","Raspberr_e2:fc:fd (Raspberry Pi 4)","MS-NLB-PhysServer-32_04:23:6c:96:de (Blind)","ATT","21","Google Inc.","00ff00009a0d0153c5","00ff00009a0d0153c5","Sent Write Command, Handle: 0x000e (Google Inc.: SRAM)"
"57279","545.991293","Raspberr_e2:fc:fd (Raspberry Pi 4)","MS-NLB-PhysServer-32_04:23:6c:96:de (Blind)","ATT","21","Google Inc.","00ff00009a0d0159cf","00ff00009a0d0159cf","Sent Write Command, Handle: 0x000e (Google Inc.: SRAM)"
"57700","549.807139","Raspberr_e2:fc:fd (Raspberry Pi 4)","MS-NLB-PhysServer-32_04:23:6c:96:de (Blind)","ATT","21","Google Inc.","00ff00009aa1015a31","00ff00009aa1015a31","Sent Write Command, Handle: 0x000e (Google Inc.: SRAM)"
"57803","551.143126","Raspberr_e2:fc:fd (Raspberry Pi 4)","MS-NLB-PhysServer-32_04:23:6c:96:de (Blind)","ATT","21","Google Inc.","00ff00009a0d0144d2","00ff00009a0d0144d2","Sent Write Command, Handle: 0x000e (Google Inc.: SRAM)"
"59053","562.232799","Raspberr_e2:fc:fd (Raspberry Pi 4)","MS-NLB-PhysServer-32_04:23:6c:96:de (Blind)","ATT","21","Google Inc.","00ff00009aa1015a31","00ff00009aa1015a31","Sent Write Command, Handle: 0x000e (Google Inc.: SRAM)"
"60813","573.630684","Raspberr_e2:fc:fd (Raspberry Pi 4)","MS-NLB-PhysServer-32_04:23:6c:96:de (Blind)","ATT","21","Google Inc.","00ff00009a0d0135a3","00ff00009a0d0135a3","Sent Write Command, Handle: 0x000e (Google Inc.: SRAM)"
"61773","581.832325","Raspberr_e2:fc:fd (Raspberry Pi 4)","MS-NLB-PhysServer-32_04:23:6c:96:de (Blind)","ATT","21","Google Inc.","00ff00009aa1015a31","00ff00009aa1015a31","Sent Write Command, Handle: 0x000e (Google Inc.: SRAM)"
"62310","584.887108","Raspberr_e2:fc:fd (Raspberry Pi 4)","MS-NLB-PhysServer-32_04:23:6c:96:de (Blind)","ATT","21","Google Inc.","00ff00009a0d014bdd","00ff00009a0d014bdd","Sent Write Command, Handle: 0x000e (Google Inc.: SRAM)"
"63638","596.183566","Raspberr_e2:fc:fd (Raspberry Pi 4)","MS-NLB-PhysServer-32_04:23:6c:96:de (Blind)","ATT","21","Google Inc.","00ff00009aa1015a31","00ff00009aa1015a31","Sent Write Command, Handle: 0x000e (Google Inc.: SRAM)"
"64054","599.979796","Raspberr_e2:fc:fd (Raspberry Pi 4)","MS-NLB-PhysServer-32_04:23:6c:96:de (Blind)","ATT","21","Google Inc.","00ff00009a0d0151c7","00ff00009a0d0151c7","Sent Write Command, Handle: 0x000e (Google Inc.: SRAM)"
"64469","603.758990","Raspberr_e2:fc:fd (Raspberry Pi 4)","MS-NLB-PhysServer-32_04:23:6c:96:de (Blind)","ATT","21","Google Inc.","00ff00009aa1015a31","00ff00009aa1015a31","Sent Write Command, Handle: 0x000e (Google Inc.: SRAM)"
"64780","605.918197","Raspberr_e2:fc:fd (Raspberry Pi 4)","MS-NLB-PhysServer-32_04:23:6c:96:de (Blind)","ATT","21","Google Inc.","00ff00009a0d014ed8","00ff00009a0d014ed8","Sent Write Command, Handle: 0x000e (Google Inc.: SRAM)"
"65099","608.359092","Raspberr_e2:fc:fd (Raspberry Pi 4)","MS-NLB-PhysServer-32_04:23:6c:96:de (Blind)","ATT","21","Google Inc.","00ff00009aa1015a31","00ff00009aa1015a31","Sent Write Command, Handle: 0x000e (Google Inc.: SRAM)"
"65394","610.942665","Raspberr_e2:fc:fd (Raspberry Pi 4)","MS-NLB-PhysServer-32_04:23:6c:96:de (Blind)","ATT","21","Google Inc.","00ff00009a0d0147d1","00ff00009a0d0147d1","Sent Write Command, Handle: 0x000e (Google Inc.: SRAM)"
